{"products":[{"id":"0.7100883101674738","qty":1}],"totalPrice":20.99000000000001}